{"info":{"year":"2023","version":"3","description":"Exported from roboflow.com","contributor":"","url":"https://public.roboflow.com/object-detection/undefined","date_created":"2023-12-25T14:27:46+00:00"},"licenses":[{"id":1,"url":"https://creativecommons.org/licenses/by/4.0/","name":"CC BY 4.0"}],"categories":[{"id":0,"name":"Insects-and-slug","supercategory":"none"},{"id":1,"name":"Arachnid","supercategory":"Insects-and-slug"},{"id":2,"name":"Dolichoderu","supercategory":"Insects-and-slug"},{"id":3,"name":"Hemiptera","supercategory":"Insects-and-slug"},{"id":4,"name":"Laevicaulis alte","supercategory":"Insects-and-slug"},{"id":5,"name":"Lissachatina fulica","supercategory":"Insects-and-slug"},{"id":6,"name":"Musca","supercategory":"Insects-and-slug"},{"id":7,"name":"Sarcophaga","supercategory":"Insects-and-slug"},{"id":8,"name":"Subulina octana","supercategory":"Insects-and-slug"},{"id":9,"name":"Valiguna flava","supercategory":"Insects-and-slug"}],"images":[{"id":0,"license":1,"file_name":"0006_jpg.rf.1e0f434613bbb29823589c52bbc55f69.jpg","height":640,"width":640,"date_captured":"2023-12-25T14:27:46+00:00"},{"id":1,"license":1,"file_name":"0297_jpg.rf.21842af17eb0c091c93db724652d103b.jpg","height":640,"width":640,"date_captured":"2023-12-25T14:27:46+00:00"},{"id":2,"license":1,"file_name":"0299_jpg.rf.14b5c348bee3db8396e7e40bab8b2630.jpg","height":640,"width":640,"date_captured":"2023-12-25T14:27:46+00:00"},{"id":3,"license":1,"file_name":"0295_jpg.rf.0e758f1627e678dc7a49d0840a7f360d.jpg","height":640,"width":640,"date_captured":"2023-12-25T14:27:46+00:00"},{"id":4,"license":1,"file_name":"0294_jpg.rf.0de0153bc980f24af1f57d65d128dc47.jpg","height":640,"width":640,"date_captured":"2023-12-25T14:27:46+00:00"},{"id":5,"license":1,"file_name":"0261_jpg.rf.0c303b374f24cc050f2cbb7054924db4.jpg","height":640,"width":640,"date_captured":"2023-12-25T14:27:46+00:00"},{"id":6,"license":1,"file_name":"0292_jpg.rf.1bb9aef1d037dc53a16de6ce69f2e08e.jpg","height":640,"width":640,"date_captured":"2023-12-25T14:27:46+00:00"},{"id":7,"license":1,"file_name":"0035_jpg.rf.128612e7cfb9a3de1c8c4dbc15212c57.jpg","height":640,"width":640,"date_captured":"2023-12-25T14:27:46+00:00"},{"id":8,"license":1,"file_name":"0266_jpg.rf.0d416f5c7318df403b73327a203533f6.jpg","height":640,"width":640,"date_captured":"2023-12-25T14:27:46+00:00"},{"id":9,"license":1,"file_name":"0009_jpg.rf.06655f870edd3c91a4e8cd31369d6852.jpg","height":640,"width":640,"date_captured":"2023-12-25T14:27:46+00:00"},{"id":10,"license":1,"file_name":"0031_jpg.rf.1a5c151129dfe6aec6dd28b9f5c9b0fe.jpg","height":640,"width":640,"date_captured":"2023-12-25T14:27:46+00:00"},{"id":11,"license":1,"file_name":"0291_jpg.rf.40ea26e93f683ad73a6eeff2813c1558.jpg","height":640,"width":640,"date_captured":"2023-12-25T14:27:46+00:00"},{"id":12,"license":1,"file_name":"0294_jpg.rf.1a60a95aac82746399a662e463991a77.jpg","height":640,"width":640,"date_captured":"2023-12-25T14:27:46+00:00"},{"id":13,"license":1,"file_name":"0293_jpg.rf.2f80c47a2da18f105ca8bd20ad361f7f.jpg","height":640,"width":640,"date_captured":"2023-12-25T14:27:46+00:00"},{"id":14,"license":1,"file_name":"0291_jpg.rf.3b16291e6eddad414771b5c26dc193d1.jpg","height":640,"width":640,"date_captured":"2023-12-25T14:27:46+00:00"},{"id":15,"license":1,"file_name":"0004_jpg.rf.334ce5b320bf5fbc7737700823bd925f.jpg","height":640,"width":640,"date_captured":"2023-12-25T14:27:46+00:00"},{"id":16,"license":1,"file_name":"0100_jpg.rf.026e283cfd3bedae8661ca39d87cef8c.jpg","height":640,"width":640,"date_captured":"2023-12-25T14:27:46+00:00"},{"id":17,"license":1,"file_name":"0037_jpg.rf.3c3fd93f820de484beb8af4efb8874b9.jpg","height":640,"width":640,"date_captured":"2023-12-25T14:27:46+00:00"},{"id":18,"license":1,"file_name":"0026_jpg.rf.3760d6d83dadde7d3bd6feefe5f59a11.jpg","height":640,"width":640,"date_captured":"2023-12-25T14:27:46+00:00"},{"id":19,"license":1,"file_name":"0266_jpg.rf.44248406b9e390c31219a2ba2f5cd805.jpg","height":640,"width":640,"date_captured":"2023-12-25T14:27:46+00:00"},{"id":20,"license":1,"file_name":"0295_jpg.rf.50887d84ae09882bfde7e2a1d9d632a3.jpg","height":640,"width":640,"date_captured":"2023-12-25T14:27:46+00:00"},{"id":21,"license":1,"file_name":"0003_jpg.rf.584c4bb6fb4b3760381d5a32023d0e6b.jpg","height":640,"width":640,"date_captured":"2023-12-25T14:27:46+00:00"},{"id":22,"license":1,"file_name":"0008_jpg.rf.59c8c3be1aef7b7d26fc7012783bc430.jpg","height":640,"width":640,"date_captured":"2023-12-25T14:27:46+00:00"},{"id":23,"license":1,"file_name":"0037_jpg.rf.5a05823d3cf4b09c53e0d8554d677e25.jpg","height":640,"width":640,"date_captured":"2023-12-25T14:27:46+00:00"},{"id":24,"license":1,"file_name":"0003_jpg.rf.599502dc8d414e2e87172e449d218205.jpg","height":640,"width":640,"date_captured":"2023-12-25T14:27:46+00:00"},{"id":25,"license":1,"file_name":"0297_jpg.rf.511a9292400bc814ffd4e4fa9a09221d.jpg","height":640,"width":640,"date_captured":"2023-12-25T14:27:46+00:00"},{"id":26,"license":1,"file_name":"0005_jpg.rf.5e0b926176424a834bf01eb479abfa82.jpg","height":640,"width":640,"date_captured":"2023-12-25T14:27:46+00:00"},{"id":27,"license":1,"file_name":"0035_jpg.rf.84763b9117f79be82154d2175dd59319.jpg","height":640,"width":640,"date_captured":"2023-12-25T14:27:46+00:00"},{"id":28,"license":1,"file_name":"0004_jpg.rf.7a5120b49cc658c836d293c3ca0a88c8.jpg","height":640,"width":640,"date_captured":"2023-12-25T14:27:46+00:00"},{"id":29,"license":1,"file_name":"0022_jpg.rf.6426c548b83a0d0cae1f8c7726697cb4.jpg","height":640,"width":640,"date_captured":"2023-12-25T14:27:46+00:00"},{"id":30,"license":1,"file_name":"0261_jpg.rf.6104d3cb762a108d63146d464f1884fd.jpg","height":640,"width":640,"date_captured":"2023-12-25T14:27:46+00:00"},{"id":31,"license":1,"file_name":"0300_jpg.rf.4a9800c01e89c7c93dd34b8227728f34.jpg","height":640,"width":640,"date_captured":"2023-12-25T14:27:46+00:00"},{"id":32,"license":1,"file_name":"0012_jpg.rf.80c4206d80b8f2a687b46cec25a0a93c.jpg","height":640,"width":640,"date_captured":"2023-12-25T14:27:46+00:00"},{"id":33,"license":1,"file_name":"0004_jpg.rf.852fa0fb927b61522db041d9ce49b83f.jpg","height":640,"width":640,"date_captured":"2023-12-25T14:27:46+00:00"},{"id":34,"license":1,"file_name":"0266_jpg.rf.68b23a4b02b414462f374acb9e87a042.jpg","height":640,"width":640,"date_captured":"2023-12-25T14:27:46+00:00"},{"id":35,"license":1,"file_name":"0292_jpg.rf.576633a3e75a6661f77991d2893e373b.jpg","height":640,"width":640,"date_captured":"2023-12-25T14:27:46+00:00"},{"id":36,"license":1,"file_name":"0025_jpg.rf.940958a84d9f1989d48d4717f87a2500.jpg","height":640,"width":640,"date_captured":"2023-12-25T14:27:46+00:00"},{"id":37,"license":1,"file_name":"0021_jpg.rf.9185f2d24c0f647af31e937557081c54.jpg","height":640,"width":640,"date_captured":"2023-12-25T14:27:46+00:00"},{"id":38,"license":1,"file_name":"0057_jpg.rf.77cb29894bb11d4f72b6bb115f2836bf.jpg","height":640,"width":640,"date_captured":"2023-12-25T14:27:46+00:00"},{"id":39,"license":1,"file_name":"0261_jpg.rf.6712bc236553d8bf94597a9e7108a9f2.jpg","height":640,"width":640,"date_captured":"2023-12-25T14:27:46+00:00"},{"id":40,"license":1,"file_name":"0299_jpg.rf.81b695f2cc19fb023d2eeeb26a873acb.jpg","height":640,"width":640,"date_captured":"2023-12-25T14:27:46+00:00"},{"id":41,"license":1,"file_name":"0298_jpg.rf.9234b34f196d176e46a7ecb785042350.jpg","height":640,"width":640,"date_captured":"2023-12-25T14:27:46+00:00"},{"id":42,"license":1,"file_name":"0100_jpg.rf.9bcd285880ccd8a376a643ed06813b6c.jpg","height":640,"width":640,"date_captured":"2023-12-25T14:27:46+00:00"},{"id":43,"license":1,"file_name":"0057_jpg.rf.8e8b4ceda729c98f34f54b8f25cb514e.jpg","height":640,"width":640,"date_captured":"2023-12-25T14:27:46+00:00"},{"id":44,"license":1,"file_name":"0298_jpg.rf.7a3c911df098ca5909d440ab914880ea.jpg","height":640,"width":640,"date_captured":"2023-12-25T14:27:46+00:00"},{"id":45,"license":1,"file_name":"0293_jpg.rf.9d7cfc00e0944ce944b07b9ff6b39ed1.jpg","height":640,"width":640,"date_captured":"2023-12-25T14:27:46+00:00"},{"id":46,"license":1,"file_name":"0029_jpg.rf.a16be131c565c17ff4b0fad5c537776a.jpg","height":640,"width":640,"date_captured":"2023-12-25T14:27:46+00:00"},{"id":47,"license":1,"file_name":"0031_jpg.rf.aa5f635e78d81019de463a31c43de900.jpg","height":640,"width":640,"date_captured":"2023-12-25T14:27:46+00:00"},{"id":48,"license":1,"file_name":"0006_jpg.rf.a201b778167e64d57e2351d24d6e17cd.jpg","height":640,"width":640,"date_captured":"2023-12-25T14:27:46+00:00"},{"id":49,"license":1,"file_name":"0057_jpg.rf.afef40b5768e95f102159097425824b0.jpg","height":640,"width":640,"date_captured":"2023-12-25T14:27:46+00:00"},{"id":50,"license":1,"file_name":"0016_jpg.rf.9e3c26a1ef980bd298c8afab00db4615.jpg","height":640,"width":640,"date_captured":"2023-12-25T14:27:46+00:00"},{"id":51,"license":1,"file_name":"0030_jpg.rf.af4adc3dc7b39cd0b6f6c1731ff014a8.jpg","height":640,"width":640,"date_captured":"2023-12-25T14:27:46+00:00"},{"id":52,"license":1,"file_name":"0299_jpg.rf.a8e156a6ea35b70dc9c144b0fdee8de8.jpg","height":640,"width":640,"date_captured":"2023-12-25T14:27:46+00:00"},{"id":53,"license":1,"file_name":"0005_jpg.rf.b65143b55173578c7a590753fa98c3c1.jpg","height":640,"width":640,"date_captured":"2023-12-25T14:27:46+00:00"},{"id":54,"license":1,"file_name":"0024_jpg.rf.b714fa48edba24f1263e6faa735001b2.jpg","height":640,"width":640,"date_captured":"2023-12-25T14:27:46+00:00"},{"id":55,"license":1,"file_name":"0025_jpg.rf.a7aad494f132948f83a565fa2befded6.jpg","height":640,"width":640,"date_captured":"2023-12-25T14:27:46+00:00"},{"id":56,"license":1,"file_name":"0297_jpg.rf.c6b881166f8058d5343914e0dc992f46.jpg","height":640,"width":640,"date_captured":"2023-12-25T14:27:46+00:00"},{"id":57,"license":1,"file_name":"0013_jpg.rf.bb2bf8513385c74153b5cae29e5dab9b.jpg","height":640,"width":640,"date_captured":"2023-12-25T14:27:46+00:00"},{"id":58,"license":1,"file_name":"0020_jpg.rf.c5816a055634b86687182ac4407eeeb8.jpg","height":640,"width":640,"date_captured":"2023-12-25T14:27:46+00:00"},{"id":59,"license":1,"file_name":"0015_jpg.rf.b7687d43f666ceb1fdf5b9996df5d4c1.jpg","height":640,"width":640,"date_captured":"2023-12-25T14:27:46+00:00"},{"id":60,"license":1,"file_name":"0291_jpg.rf.b8220e81826eba1b164ddc8845f91e39.jpg","height":640,"width":640,"date_captured":"2023-12-25T14:27:46+00:00"},{"id":61,"license":1,"file_name":"0018_jpg.rf.d3175f3a5f313d7e7fd0c50a1e7ea67b.jpg","height":640,"width":640,"date_captured":"2023-12-25T14:27:46+00:00"},{"id":62,"license":1,"file_name":"0293_jpg.rf.d1630b85c650c049d7d7e801a6376f23.jpg","height":640,"width":640,"date_captured":"2023-12-25T14:27:46+00:00"},{"id":63,"license":1,"file_name":"0001_jpg.rf.c512bce56310d73ed81e07d939e63846.jpg","height":640,"width":640,"date_captured":"2023-12-25T14:27:46+00:00"},{"id":64,"license":1,"file_name":"0027_jpg.rf.c202d6b25c84118453773cc9c001c337.jpg","height":640,"width":640,"date_captured":"2023-12-25T14:27:46+00:00"},{"id":65,"license":1,"file_name":"0003_jpg.rf.bd35385fb2df9316119a0890262fa01f.jpg","height":640,"width":640,"date_captured":"2023-12-25T14:27:46+00:00"},{"id":66,"license":1,"file_name":"0289_jpg.rf.b6e5101d478fa6d9cb4cb76c4c4f8eca.jpg","height":640,"width":640,"date_captured":"2023-12-25T14:27:46+00:00"},{"id":67,"license":1,"file_name":"0295_jpg.rf.da13fcd9cf8bf2394d29d6ca98c8d821.jpg","height":640,"width":640,"date_captured":"2023-12-25T14:27:46+00:00"},{"id":68,"license":1,"file_name":"0292_jpg.rf.d3c9c2d246092bbf2587534ca5f2ea13.jpg","height":640,"width":640,"date_captured":"2023-12-25T14:27:46+00:00"},{"id":69,"license":1,"file_name":"0035_jpg.rf.d0c76db33fe0c5224c65789eb253b3fb.jpg","height":640,"width":640,"date_captured":"2023-12-25T14:27:46+00:00"},{"id":70,"license":1,"file_name":"0294_jpg.rf.d70ed5aad8d835192cb1d5ca08f8de02.jpg","height":640,"width":640,"date_captured":"2023-12-25T14:27:46+00:00"},{"id":71,"license":1,"file_name":"0100_jpg.rf.eb0069439f4d8ebbbf783a82c45adc66.jpg","height":640,"width":640,"date_captured":"2023-12-25T14:27:46+00:00"},{"id":72,"license":1,"file_name":"0010_jpg.rf.df8b8d54c54b22182ce07db733934caf.jpg","height":640,"width":640,"date_captured":"2023-12-25T14:27:46+00:00"},{"id":73,"license":1,"file_name":"0298_jpg.rf.f6cbf8f018c61ade106f6b430aaca551.jpg","height":640,"width":640,"date_captured":"2023-12-25T14:27:46+00:00"},{"id":74,"license":1,"file_name":"0007_jpg.rf.feb62e685f4ab840648e3dabdc092f8a.jpg","height":640,"width":640,"date_captured":"2023-12-25T14:27:46+00:00"},{"id":75,"license":1,"file_name":"0006_jpg.rf.e2cdc0849bc050f2889a0f4380fd873a.jpg","height":640,"width":640,"date_captured":"2023-12-25T14:27:46+00:00"},{"id":76,"license":1,"file_name":"0289_jpg.rf.f945566bf1b9741d840c88cc6c1facc1.jpg","height":640,"width":640,"date_captured":"2023-12-25T14:27:46+00:00"},{"id":77,"license":1,"file_name":"0289_jpg.rf.f4d1858b9505b2db5cdc00f2f255074c.jpg","height":640,"width":640,"date_captured":"2023-12-25T14:27:46+00:00"},{"id":78,"license":1,"file_name":"0025_jpg.rf.fd6106e169664ad01691ad7257c557a1.jpg","height":640,"width":640,"date_captured":"2023-12-25T14:27:46+00:00"},{"id":79,"license":1,"file_name":"0300_jpg.rf.fdefc6743c9c7ab140f4017b069864aa.jpg","height":640,"width":640,"date_captured":"2023-12-25T14:27:46+00:00"},{"id":80,"license":1,"file_name":"0031_jpg.rf.f91ccc294799b8e803b7f89b5d484e67.jpg","height":640,"width":640,"date_captured":"2023-12-25T14:27:46+00:00"},{"id":81,"license":1,"file_name":"0300_jpg.rf.fc11908600a302d6dad73081ba1812fe.jpg","height":640,"width":640,"date_captured":"2023-12-25T14:27:46+00:00"},{"id":82,"license":1,"file_name":"0005_jpg.rf.e7fecc0c1945d04f89fdf00dc424765e.jpg","height":640,"width":640,"date_captured":"2023-12-25T14:27:46+00:00"},{"id":83,"license":1,"file_name":"0037_jpg.rf.f798226fd2e757fc75cd30634a98294f.jpg","height":640,"width":640,"date_captured":"2023-12-25T14:27:46+00:00"}],"annotations":[{"id":0,"image_id":0,"category_id":7,"bbox":[240,330,26.125,29.188],"area":762.523,"segmentation":[],"iscrowd":0},{"id":1,"image_id":1,"category_id":5,"bbox":[372,400,70.75,122.438],"area":8662.453,"segmentation":[],"iscrowd":0},{"id":2,"image_id":1,"category_id":8,"bbox":[114,96,35.688,35.25],"area":1257.984,"segmentation":[],"iscrowd":0},{"id":3,"image_id":1,"category_id":8,"bbox":[122,141,24.656,23.875],"area":588.668,"segmentation":[],"iscrowd":0},{"id":4,"image_id":1,"category_id":8,"bbox":[223,189,18.813,18.813],"area":353.91,"segmentation":[],"iscrowd":0},{"id":5,"image_id":2,"category_id":5,"bbox":[389,344,52.5,166.5],"area":8741.25,"segmentation":[],"iscrowd":0},{"id":6,"image_id":2,"category_id":8,"bbox":[217,188,22,23.5],"area":517,"segmentation":[],"iscrowd":0},{"id":7,"image_id":3,"category_id":4,"bbox":[239,342,101,125.5],"area":12675.5,"segmentation":[],"iscrowd":0},{"id":8,"image_id":3,"category_id":9,"bbox":[321,273,19.5,51],"area":994.5,"segmentation":[],"iscrowd":0},{"id":9,"image_id":3,"category_id":5,"bbox":[367,394,69,125],"area":8625,"segmentation":[],"iscrowd":0},{"id":10,"image_id":3,"category_id":8,"bbox":[171,284,33.5,28],"area":938,"segmentation":[],"iscrowd":0},{"id":11,"image_id":3,"category_id":8,"bbox":[175,351,15.5,32],"area":496,"segmentation":[],"iscrowd":0},{"id":12,"image_id":4,"category_id":5,"bbox":[377,419,63,109],"area":6867,"segmentation":[],"iscrowd":0},{"id":13,"image_id":4,"category_id":4,"bbox":[213,370,128.5,112.5],"area":14456.25,"segmentation":[],"iscrowd":0},{"id":14,"image_id":4,"category_id":9,"bbox":[201,127,75.5,89],"area":6719.5,"segmentation":[],"iscrowd":0},{"id":15,"image_id":4,"category_id":8,"bbox":[263,196,17,53.5],"area":909.5,"segmentation":[],"iscrowd":0},{"id":16,"image_id":4,"category_id":8,"bbox":[198,274,12.5,52.5],"area":656.25,"segmentation":[],"iscrowd":0},{"id":17,"image_id":4,"category_id":8,"bbox":[178,343,12.5,42.5],"area":531.25,"segmentation":[],"iscrowd":0},{"id":18,"image_id":4,"category_id":1,"bbox":[522,370,22.5,40],"area":900,"segmentation":[],"iscrowd":0},{"id":19,"image_id":5,"category_id":9,"bbox":[227,220,35.938,54],"area":1940.625,"segmentation":[],"iscrowd":0},{"id":20,"image_id":5,"category_id":9,"bbox":[397,307,66,65.219],"area":4304.438,"segmentation":[],"iscrowd":0},{"id":21,"image_id":5,"category_id":9,"bbox":[444,421,17.031,33.219],"area":565.757,"segmentation":[],"iscrowd":0},{"id":22,"image_id":5,"category_id":8,"bbox":[455,430,18,47.188],"area":849.375,"segmentation":[],"iscrowd":0},{"id":23,"image_id":5,"category_id":1,"bbox":[223,384,47.969,48.063],"area":2305.498,"segmentation":[],"iscrowd":0},{"id":24,"image_id":6,"category_id":5,"bbox":[353,381,105.375,105.313],"area":11097.305,"segmentation":[],"iscrowd":0},{"id":25,"image_id":6,"category_id":4,"bbox":[215,338,168.656,168.438],"area":28408.037,"segmentation":[],"iscrowd":0},{"id":26,"image_id":6,"category_id":9,"bbox":[250,188,30.469,32],"area":975,"segmentation":[],"iscrowd":0},{"id":27,"image_id":6,"category_id":8,"bbox":[197,264,18.313,52.125],"area":954.539,"segmentation":[],"iscrowd":0},{"id":28,"image_id":6,"category_id":8,"bbox":[259,222,30.469,30.438],"area":927.393,"segmentation":[],"iscrowd":0},{"id":29,"image_id":6,"category_id":8,"bbox":[170,353,27.344,27.375],"area":748.535,"segmentation":[],"iscrowd":0},{"id":30,"image_id":6,"category_id":1,"bbox":[559,576,44.188,44.563],"area":1969.105,"segmentation":[],"iscrowd":0},{"id":31,"image_id":7,"category_id":2,"bbox":[215,333,23.906,24.594],"area":587.944,"segmentation":[],"iscrowd":0},{"id":32,"image_id":8,"category_id":9,"bbox":[306,282,31.719,46.219],"area":1466.001,"segmentation":[],"iscrowd":0},{"id":33,"image_id":8,"category_id":9,"bbox":[255,364,54.063,55.75],"area":3013.984,"segmentation":[],"iscrowd":0},{"id":34,"image_id":8,"category_id":9,"bbox":[447,435,42,46],"area":1932,"segmentation":[],"iscrowd":0},{"id":35,"image_id":8,"category_id":1,"bbox":[334,417,47.781,47.781],"area":2283.048,"segmentation":[],"iscrowd":0},{"id":36,"image_id":8,"category_id":8,"bbox":[413,448,19.813,20.563],"area":407.395,"segmentation":[],"iscrowd":0},{"id":37,"image_id":10,"category_id":2,"bbox":[226,283,21.25,35.063],"area":745.078,"segmentation":[],"iscrowd":0},{"id":38,"image_id":10,"category_id":2,"bbox":[207,325,20.938,25],"area":523.438,"segmentation":[],"iscrowd":0},{"id":39,"image_id":11,"category_id":4,"bbox":[259,367,154,149.5],"area":23023,"segmentation":[],"iscrowd":0},{"id":40,"image_id":11,"category_id":9,"bbox":[284,282,52.5,83.5],"area":4383.75,"segmentation":[],"iscrowd":0},{"id":41,"image_id":11,"category_id":8,"bbox":[258,223,26,26],"area":676,"segmentation":[],"iscrowd":0},{"id":42,"image_id":11,"category_id":8,"bbox":[199,262,14,53],"area":742,"segmentation":[],"iscrowd":0},{"id":43,"image_id":11,"category_id":5,"bbox":[398,371,52,160.5],"area":8346,"segmentation":[],"iscrowd":0},{"id":44,"image_id":12,"category_id":5,"bbox":[373,416,71,113.938],"area":8089.563,"segmentation":[],"iscrowd":0},{"id":45,"image_id":12,"category_id":4,"bbox":[212,362,129.938,129.313],"area":16802.543,"segmentation":[],"iscrowd":0},{"id":46,"image_id":12,"category_id":9,"bbox":[196,129,84.906,84.063],"area":7137.432,"segmentation":[],"iscrowd":0},{"id":47,"image_id":12,"category_id":8,"bbox":[253,204,37.375,38.094],"area":1423.754,"segmentation":[],"iscrowd":0},{"id":48,"image_id":12,"category_id":8,"bbox":[188,283,33.344,33.656],"area":1122.226,"segmentation":[],"iscrowd":0},{"id":49,"image_id":12,"category_id":8,"bbox":[177,343,14.063,43.188],"area":607.324,"segmentation":[],"iscrowd":0},{"id":50,"image_id":12,"category_id":1,"bbox":[517,374,32.313,32],"area":1034,"segmentation":[],"iscrowd":0},{"id":51,"image_id":13,"category_id":9,"bbox":[164,61,22,72],"area":1584,"segmentation":[],"iscrowd":0},{"id":52,"image_id":13,"category_id":4,"bbox":[236,349,129,149.5],"area":19285.5,"segmentation":[],"iscrowd":0},{"id":53,"image_id":13,"category_id":5,"bbox":[386,434,60.5,191],"area":11555.5,"segmentation":[],"iscrowd":0},{"id":54,"image_id":13,"category_id":8,"bbox":[199,273,12.5,57],"area":712.5,"segmentation":[],"iscrowd":0},{"id":55,"image_id":13,"category_id":8,"bbox":[177,341,15,43.5],"area":652.5,"segmentation":[],"iscrowd":0},{"id":56,"image_id":13,"category_id":8,"bbox":[258,221,29,39.5],"area":1145.5,"segmentation":[],"iscrowd":0},{"id":57,"image_id":13,"category_id":1,"bbox":[526,367,23.5,46.5],"area":1092.75,"segmentation":[],"iscrowd":0},{"id":58,"image_id":14,"category_id":4,"bbox":[258,364,155.25,155.688],"area":24170.484,"segmentation":[],"iscrowd":0},{"id":59,"image_id":14,"category_id":9,"bbox":[275,287,71.438,73.063],"area":5219.402,"segmentation":[],"iscrowd":0},{"id":60,"image_id":14,"category_id":8,"bbox":[256,222,28.75,28.25],"area":812.188,"segmentation":[],"iscrowd":0},{"id":61,"image_id":14,"category_id":8,"bbox":[188,270,36.375,36.625],"area":1332.234,"segmentation":[],"iscrowd":0},{"id":62,"image_id":14,"category_id":5,"bbox":[368,396,110.625,110.563],"area":12230.977,"segmentation":[],"iscrowd":0},{"id":63,"image_id":15,"category_id":7,"bbox":[230,329,20.846,26.356],"area":549.422,"segmentation":[[241.966,333.294,237.087,329.334,233.248,328.644,230.447,331.223,230.154,338.021,233.994,344.534,238.567,345.699,241.515,351.367,247.557,353.48,248.551,355,250.615,355,251,354.404,251,342.649,247.251,339.039,241.966,333.294]],"iscrowd":0},{"id":64,"image_id":16,"category_id":2,"bbox":[224,334,12,29],"area":348,"segmentation":[],"iscrowd":0},{"id":65,"image_id":17,"category_id":2,"bbox":[220,336,20,20],"area":400,"segmentation":[],"iscrowd":0},{"id":66,"image_id":19,"category_id":9,"bbox":[307,282,29.969,45.969],"area":1377.626,"segmentation":[],"iscrowd":0},{"id":67,"image_id":19,"category_id":9,"bbox":[254,364,55.531,56.25],"area":3123.633,"segmentation":[],"iscrowd":0},{"id":68,"image_id":19,"category_id":9,"bbox":[446,436,44,44],"area":1936,"segmentation":[],"iscrowd":0},{"id":69,"image_id":19,"category_id":1,"bbox":[334,417,47.781,47.781],"area":2283.048,"segmentation":[],"iscrowd":0},{"id":70,"image_id":19,"category_id":8,"bbox":[416,446,14.219,25.469],"area":362.134,"segmentation":[],"iscrowd":0},{"id":71,"image_id":20,"category_id":4,"bbox":[235,339,108.438,130.781],"area":14181.592,"segmentation":[],"iscrowd":0},{"id":72,"image_id":20,"category_id":9,"bbox":[320,272,21.031,52.188],"area":1097.568,"segmentation":[],"iscrowd":0},{"id":73,"image_id":20,"category_id":5,"bbox":[364,392,76,127.813],"area":9713.75,"segmentation":[],"iscrowd":0},{"id":74,"image_id":20,"category_id":8,"bbox":[171,284,33.969,28],"area":951.125,"segmentation":[],"iscrowd":0},{"id":75,"image_id":20,"category_id":8,"bbox":[170,354,26.188,26.25],"area":687.422,"segmentation":[],"iscrowd":0},{"id":76,"image_id":21,"category_id":7,"bbox":[397,359,17.25,35.604],"area":614.154,"segmentation":[[405.952,387.224,407.706,392.941,409.022,395.02,412.969,390.862,414.138,384.105,412.822,381.766,411.361,376.049,410.483,370.332,409.022,365.914,406.536,362.795,402.736,359.417,400.689,359.417,398.204,360.196,396.888,364.614,399.081,373.71,401.566,378.128,404.49,384.625,405.952,387.224]],"iscrowd":0},{"id":77,"image_id":23,"category_id":2,"bbox":[220,336,20,20],"area":400,"segmentation":[],"iscrowd":0},{"id":78,"image_id":24,"category_id":7,"bbox":[388,368,33.338,16.213],"area":540.499,"segmentation":[[414.47,380.249,412.136,378.394,406.182,374.48,402.214,371.327,394.062,367.934,393.135,367.787,388.984,368.339,388.358,369.584,387.77,373.168,390.2,376.997,392.882,379.946,397.017,382.087,402.532,383.852,402.875,384,421.108,384,419.843,382.882,414.47,380.249]],"iscrowd":0},{"id":79,"image_id":25,"category_id":5,"bbox":[379,403,58,117],"area":6786,"segmentation":[],"iscrowd":0},{"id":80,"image_id":25,"category_id":8,"bbox":[122,90,19.5,48],"area":936,"segmentation":[],"iscrowd":0},{"id":81,"image_id":25,"category_id":8,"bbox":[123,142,23.5,22],"area":517,"segmentation":[],"iscrowd":0},{"id":82,"image_id":25,"category_id":8,"bbox":[226,187,13.5,23.5],"area":317.25,"segmentation":[],"iscrowd":0},{"id":83,"image_id":26,"category_id":7,"bbox":[380,425,24.219,25.813],"area":625.146,"segmentation":[],"iscrowd":0},{"id":84,"image_id":26,"category_id":6,"bbox":[370,322,15.188,18.25],"area":277.172,"segmentation":[],"iscrowd":0},{"id":85,"image_id":27,"category_id":2,"bbox":[215,335,24.5,20.5],"area":502.25,"segmentation":[],"iscrowd":0},{"id":86,"image_id":28,"category_id":7,"bbox":[229,328,19.665,26.52],"area":521.503,"segmentation":[[245.12,335.213,240.184,329.753,233.511,328.068,230.027,329.938,229.335,333.72,231.436,339.414,235.118,346.001,237.893,351.826,239.693,353.339,246.136,354.588,249,353.833,249,350.488,248.967,350.448,249,348.261,249,344.14,244.627,339.817,245.12,335.213]],"iscrowd":0},{"id":87,"image_id":30,"category_id":9,"bbox":[227,220,35.5,54],"area":1917,"segmentation":[],"iscrowd":0},{"id":88,"image_id":30,"category_id":9,"bbox":[396,309,67,60.5],"area":4053.5,"segmentation":[],"iscrowd":0},{"id":89,"image_id":30,"category_id":9,"bbox":[445,421,15.5,32.5],"area":503.75,"segmentation":[],"iscrowd":0},{"id":90,"image_id":30,"category_id":8,"bbox":[457,430,14,46.5],"area":651,"segmentation":[],"iscrowd":0},{"id":91,"image_id":30,"category_id":1,"bbox":[229,382,35.5,53],"area":1881.5,"segmentation":[],"iscrowd":0},{"id":92,"image_id":31,"category_id":5,"bbox":[434,569,64,71],"area":4544,"segmentation":[],"iscrowd":0},{"id":93,"image_id":33,"category_id":7,"bbox":[228,330,23.661,24.965],"area":590.703,"segmentation":[[230.456,354.64,232.765,351.904,238.921,350.878,242.383,345.749,247,345.407,251.424,339.593,251.809,332.753,249.308,329.675,245.461,329.675,240.267,332.753,234.496,337.541,229.302,341.303,228.148,343.355,228.148,349.853,230.456,354.64]],"iscrowd":0},{"id":94,"image_id":34,"category_id":9,"bbox":[307,282,29.5,45.5],"area":1342.25,"segmentation":[],"iscrowd":0},{"id":95,"image_id":34,"category_id":9,"bbox":[257,366,50.5,52],"area":2626,"segmentation":[],"iscrowd":0},{"id":96,"image_id":34,"category_id":9,"bbox":[447,435,42,46],"area":1932,"segmentation":[],"iscrowd":0},{"id":97,"image_id":34,"category_id":1,"bbox":[338,417,40.5,48.5],"area":1964.25,"segmentation":[],"iscrowd":0},{"id":98,"image_id":34,"category_id":8,"bbox":[417,446,11.5,24.5],"area":281.75,"segmentation":[],"iscrowd":0},{"id":99,"image_id":35,"category_id":5,"bbox":[350,378,110.875,110.813],"area":12286.336,"segmentation":[],"iscrowd":0},{"id":100,"image_id":35,"category_id":4,"bbox":[219,341,161.281,162.063],"area":26137.643,"segmentation":[],"iscrowd":0},{"id":101,"image_id":35,"category_id":9,"bbox":[249,188,31.969,32.25],"area":1030.992,"segmentation":[],"iscrowd":0},{"id":102,"image_id":35,"category_id":8,"bbox":[188,273,35.531,34.438],"area":1223.607,"segmentation":[],"iscrowd":0},{"id":103,"image_id":35,"category_id":8,"bbox":[258,221,31.688,31.625],"area":1002.117,"segmentation":[],"iscrowd":0},{"id":104,"image_id":35,"category_id":8,"bbox":[171,354,25.094,25.125],"area":630.48,"segmentation":[],"iscrowd":0},{"id":105,"image_id":35,"category_id":1,"bbox":[560,577,42.438,43.063],"area":1827.465,"segmentation":[],"iscrowd":0},{"id":106,"image_id":36,"category_id":7,"bbox":[271,205,18,42.5],"area":765,"segmentation":[],"iscrowd":0},{"id":107,"image_id":38,"category_id":7,"bbox":[353,424,25.5,31.5],"area":803.25,"segmentation":[],"iscrowd":0},{"id":108,"image_id":38,"category_id":2,"bbox":[210,372,10.5,36],"area":378,"segmentation":[],"iscrowd":0},{"id":109,"image_id":38,"category_id":3,"bbox":[214,317,14,13.5],"area":189,"segmentation":[],"iscrowd":0},{"id":110,"image_id":39,"category_id":9,"bbox":[222,224,45.719,46.25],"area":2114.492,"segmentation":[],"iscrowd":0},{"id":111,"image_id":39,"category_id":9,"bbox":[395,308,68.75,62.719],"area":4311.914,"segmentation":[],"iscrowd":0},{"id":112,"image_id":39,"category_id":9,"bbox":[443,421,19.031,33.469],"area":636.952,"segmentation":[],"iscrowd":0},{"id":113,"image_id":39,"category_id":8,"bbox":[456,430,16,47.219],"area":755.5,"segmentation":[],"iscrowd":0},{"id":114,"image_id":39,"category_id":1,"bbox":[224,385,46.219,46.313],"area":2140.506,"segmentation":[],"iscrowd":0},{"id":115,"image_id":40,"category_id":5,"bbox":[385,343,59.531,168.719],"area":10044.038,"segmentation":[],"iscrowd":0},{"id":116,"image_id":40,"category_id":8,"bbox":[216,189,23.75,22.188],"area":526.953,"segmentation":[],"iscrowd":0},{"id":117,"image_id":41,"category_id":5,"bbox":[373,382,73.688,134.438],"area":9906.363,"segmentation":[],"iscrowd":0},{"id":118,"image_id":41,"category_id":8,"bbox":[220,188,24.594,23.844],"area":586.407,"segmentation":[],"iscrowd":0},{"id":119,"image_id":41,"category_id":8,"bbox":[442,325,22.188,22.875],"area":507.539,"segmentation":[],"iscrowd":0},{"id":120,"image_id":42,"category_id":2,"bbox":[223,334,14,28.313],"area":396.375,"segmentation":[],"iscrowd":0},{"id":121,"image_id":43,"category_id":7,"bbox":[351,425,29.938,29.938],"area":896.254,"segmentation":[],"iscrowd":0},{"id":122,"image_id":43,"category_id":2,"bbox":[209,372,12.031,36.25],"area":436.133,"segmentation":[],"iscrowd":0},{"id":123,"image_id":43,"category_id":3,"bbox":[214,317,14,13.969],"area":195.563,"segmentation":[],"iscrowd":0},{"id":124,"image_id":44,"category_id":5,"bbox":[373,382,74.219,134.469],"area":9980.103,"segmentation":[],"iscrowd":0},{"id":125,"image_id":44,"category_id":8,"bbox":[227,183,11.469,33.969],"area":389.579,"segmentation":[],"iscrowd":0},{"id":126,"image_id":44,"category_id":8,"bbox":[442,325,22.438,23.125],"area":518.867,"segmentation":[],"iscrowd":0},{"id":127,"image_id":45,"category_id":9,"bbox":[162,60,26,73.5],"area":1911,"segmentation":[],"iscrowd":0},{"id":128,"image_id":45,"category_id":4,"bbox":[234,347,131.813,152.531],"area":20105.525,"segmentation":[],"iscrowd":0},{"id":129,"image_id":45,"category_id":5,"bbox":[379,432,74.031,193.813],"area":14348.182,"segmentation":[],"iscrowd":0},{"id":130,"image_id":45,"category_id":8,"bbox":[187,284,35.688,35.375],"area":1262.445,"segmentation":[],"iscrowd":0},{"id":131,"image_id":45,"category_id":8,"bbox":[168,347,32.625,32.094],"area":1047.059,"segmentation":[],"iscrowd":0},{"id":132,"image_id":45,"category_id":8,"bbox":[257,220,30.313,40.781],"area":1236.182,"segmentation":[],"iscrowd":0},{"id":133,"image_id":45,"category_id":1,"bbox":[525,367,25.031,47.469],"area":1188.202,"segmentation":[],"iscrowd":0},{"id":134,"image_id":47,"category_id":2,"bbox":[223,286,28,28.813],"area":806.75,"segmentation":[],"iscrowd":0},{"id":135,"image_id":47,"category_id":2,"bbox":[206,326,23.188,23.25],"area":539.109,"segmentation":[],"iscrowd":0},{"id":136,"image_id":48,"category_id":7,"bbox":[240,330,26.375,29.438],"area":776.414,"segmentation":[],"iscrowd":0},{"id":137,"image_id":49,"category_id":7,"bbox":[352,423,27.969,33.719],"area":943.071,"segmentation":[],"iscrowd":0},{"id":138,"image_id":49,"category_id":2,"bbox":[208,372,13.781,36.25],"area":499.57,"segmentation":[],"iscrowd":0},{"id":139,"image_id":49,"category_id":3,"bbox":[214,317,14.5,14.469],"area":209.797,"segmentation":[],"iscrowd":0},{"id":140,"image_id":52,"category_id":5,"bbox":[356,369,117.656,116.844],"area":13747.397,"segmentation":[],"iscrowd":0},{"id":141,"image_id":52,"category_id":8,"bbox":[216,189,23.75,22.219],"area":527.695,"segmentation":[],"iscrowd":0},{"id":142,"image_id":53,"category_id":7,"bbox":[378,425,27.688,25.875],"area":716.414,"segmentation":[],"iscrowd":0},{"id":143,"image_id":53,"category_id":6,"bbox":[369,322,16.719,18.5],"area":309.297,"segmentation":[],"iscrowd":0},{"id":144,"image_id":55,"category_id":7,"bbox":[269,204,21,43.531],"area":914.156,"segmentation":[],"iscrowd":0},{"id":145,"image_id":56,"category_id":5,"bbox":[372,400,72,122.375],"area":8811,"segmentation":[],"iscrowd":0},{"id":146,"image_id":56,"category_id":8,"bbox":[115,96,34.469,35],"area":1206.406,"segmentation":[],"iscrowd":0},{"id":147,"image_id":56,"category_id":8,"bbox":[123,142,23.188,22.375],"area":518.82,"segmentation":[],"iscrowd":0},{"id":148,"image_id":56,"category_id":8,"bbox":[225,186,15.281,24.531],"area":374.868,"segmentation":[],"iscrowd":0},{"id":149,"image_id":60,"category_id":4,"bbox":[257,366,156.75,152.219],"area":23860.289,"segmentation":[],"iscrowd":0},{"id":150,"image_id":60,"category_id":9,"bbox":[281,280,59.469,87.031],"area":5175.64,"segmentation":[],"iscrowd":0},{"id":151,"image_id":60,"category_id":8,"bbox":[256,222,28.75,28.25],"area":812.188,"segmentation":[],"iscrowd":0},{"id":152,"image_id":60,"category_id":8,"bbox":[188,271,36.125,35.375],"area":1277.922,"segmentation":[],"iscrowd":0},{"id":153,"image_id":60,"category_id":5,"bbox":[389,369,69,164.688],"area":11363.438,"segmentation":[],"iscrowd":0},{"id":154,"image_id":62,"category_id":9,"bbox":[150,72,49.75,49.75],"area":2475.063,"segmentation":[],"iscrowd":0},{"id":155,"image_id":62,"category_id":4,"bbox":[230,344,139.875,158.813],"area":22213.898,"segmentation":[],"iscrowd":0},{"id":156,"image_id":62,"category_id":5,"bbox":[347,460,138.031,138.063],"area":19056.939,"segmentation":[],"iscrowd":0},{"id":157,"image_id":62,"category_id":8,"bbox":[186,283,37.688,37.375],"area":1408.57,"segmentation":[],"iscrowd":0},{"id":158,"image_id":62,"category_id":8,"bbox":[169,348,30.625,30.063],"area":920.664,"segmentation":[],"iscrowd":0},{"id":159,"image_id":62,"category_id":8,"bbox":[257,221,29.625,39.313],"area":1164.633,"segmentation":[],"iscrowd":0},{"id":160,"image_id":62,"category_id":1,"bbox":[526,367,23.281,46.969],"area":1093.491,"segmentation":[],"iscrowd":0},{"id":161,"image_id":65,"category_id":7,"bbox":[389,368,33.483,16.303],"area":545.886,"segmentation":[[421.629,382.306,415.943,379.77,413.373,377.958,406.933,374.153,402.565,371.073,394.02,367.827,393.081,367.697,389.048,368.32,388.601,369.574,388.517,373.163,391.457,376.945,394.523,379.844,398.915,381.909,404.622,383.576,405.696,384,422,384,422,382.594,421.629,382.306]],"iscrowd":0},{"id":162,"image_id":66,"category_id":4,"bbox":[363,406,109.5,115],"area":12592.5,"segmentation":[],"iscrowd":0},{"id":163,"image_id":66,"category_id":9,"bbox":[330,243,74.5,29.5],"area":2197.75,"segmentation":[],"iscrowd":0},{"id":164,"image_id":66,"category_id":8,"bbox":[200,263,17,33.5],"area":569.5,"segmentation":[],"iscrowd":0},{"id":165,"image_id":66,"category_id":5,"bbox":[414,508,34,61.5],"area":2091,"segmentation":[],"iscrowd":0},{"id":166,"image_id":66,"category_id":8,"bbox":[279,221,22.5,21.5],"area":483.75,"segmentation":[],"iscrowd":0},{"id":167,"image_id":66,"category_id":8,"bbox":[243,178,25.5,29],"area":739.5,"segmentation":[],"iscrowd":0},{"id":168,"image_id":66,"category_id":8,"bbox":[130,113,11,48],"area":528,"segmentation":[],"iscrowd":0},{"id":169,"image_id":67,"category_id":4,"bbox":[231,347,115.563,114.906],"area":13278.854,"segmentation":[],"iscrowd":0},{"id":170,"image_id":67,"category_id":9,"bbox":[313,280,35.188,35.75],"area":1257.953,"segmentation":[],"iscrowd":0},{"id":171,"image_id":67,"category_id":5,"bbox":[351,406,101.125,100.5],"area":10163.063,"segmentation":[],"iscrowd":0},{"id":172,"image_id":67,"category_id":8,"bbox":[171,281,33.688,34],"area":1145.375,"segmentation":[],"iscrowd":0},{"id":173,"image_id":67,"category_id":8,"bbox":[171,354,24.438,25.5],"area":623.156,"segmentation":[],"iscrowd":0},{"id":174,"image_id":68,"category_id":5,"bbox":[364,373,84,120.5],"area":10122,"segmentation":[],"iscrowd":0},{"id":175,"image_id":68,"category_id":4,"bbox":[222,344,155.5,157],"area":24413.5,"segmentation":[],"iscrowd":0},{"id":176,"image_id":68,"category_id":9,"bbox":[254,184,21.5,40],"area":860,"segmentation":[],"iscrowd":0},{"id":177,"image_id":68,"category_id":8,"bbox":[200,265,12.5,51],"area":637.5,"segmentation":[],"iscrowd":0},{"id":178,"image_id":68,"category_id":8,"bbox":[260,221,27.5,33],"area":907.5,"segmentation":[],"iscrowd":0},{"id":179,"image_id":68,"category_id":8,"bbox":[176,349,14.5,36],"area":522,"segmentation":[],"iscrowd":0},{"id":180,"image_id":68,"category_id":1,"bbox":[566,573,30.5,50.5],"area":1540.25,"segmentation":[],"iscrowd":0},{"id":181,"image_id":69,"category_id":2,"bbox":[216,334,22.406,23.094],"area":517.444,"segmentation":[],"iscrowd":0},{"id":182,"image_id":70,"category_id":5,"bbox":[364,429,89.125,88.313],"area":7870.852,"segmentation":[],"iscrowd":0},{"id":183,"image_id":70,"category_id":4,"bbox":[215,364,124.188,124.813],"area":15500.152,"segmentation":[],"iscrowd":0},{"id":184,"image_id":70,"category_id":9,"bbox":[193,126,91.188,90.25],"area":8229.672,"segmentation":[],"iscrowd":0},{"id":185,"image_id":70,"category_id":8,"bbox":[261,196,22,54.469],"area":1198.313,"segmentation":[],"iscrowd":0},{"id":186,"image_id":70,"category_id":8,"bbox":[188,284,33.094,32.406],"area":1072.444,"segmentation":[],"iscrowd":0},{"id":187,"image_id":70,"category_id":8,"bbox":[170,350,28.406,28.594],"area":812.241,"segmentation":[],"iscrowd":0},{"id":188,"image_id":70,"category_id":1,"bbox":[522,370,22.281,40],"area":891.25,"segmentation":[],"iscrowd":0},{"id":189,"image_id":71,"category_id":2,"bbox":[224,334,12,28.125],"area":337.5,"segmentation":[],"iscrowd":0},{"id":190,"image_id":73,"category_id":5,"bbox":[380,384,59.5,129.5],"area":7705.25,"segmentation":[],"iscrowd":0},{"id":191,"image_id":73,"category_id":8,"bbox":[227,183,10.5,33.5],"area":351.75,"segmentation":[],"iscrowd":0},{"id":192,"image_id":73,"category_id":8,"bbox":[445,322,16.5,29],"area":478.5,"segmentation":[],"iscrowd":0},{"id":193,"image_id":75,"category_id":7,"bbox":[241,330,25,28.5],"area":712.5,"segmentation":[],"iscrowd":0},{"id":194,"image_id":76,"category_id":4,"bbox":[359,404,117.688,117.875],"area":13872.414,"segmentation":[],"iscrowd":0},{"id":195,"image_id":76,"category_id":9,"bbox":[329,240,76.063,36.438],"area":2771.527,"segmentation":[],"iscrowd":0},{"id":196,"image_id":76,"category_id":8,"bbox":[195,267,26.313,25.719],"area":676.725,"segmentation":[],"iscrowd":0},{"id":197,"image_id":76,"category_id":5,"bbox":[406,514,50,49.969],"area":2498.438,"segmentation":[],"iscrowd":0},{"id":198,"image_id":76,"category_id":8,"bbox":[279,221,23.094,22.344],"area":516.001,"segmentation":[],"iscrowd":0},{"id":199,"image_id":76,"category_id":8,"bbox":[242,177,27.313,31],"area":846.688,"segmentation":[],"iscrowd":0},{"id":200,"image_id":76,"category_id":8,"bbox":[119,121,32.313,32],"area":1034,"segmentation":[],"iscrowd":0},{"id":201,"image_id":77,"category_id":4,"bbox":[357,402,121.969,122.063],"area":14887.811,"segmentation":[],"iscrowd":0},{"id":202,"image_id":77,"category_id":9,"bbox":[330,243,74.063,30.188],"area":2235.762,"segmentation":[],"iscrowd":0},{"id":203,"image_id":77,"category_id":8,"bbox":[195,267,26.313,25.719],"area":676.725,"segmentation":[],"iscrowd":0},{"id":204,"image_id":77,"category_id":5,"bbox":[406,514,50,49.969],"area":2498.438,"segmentation":[],"iscrowd":0},{"id":205,"image_id":77,"category_id":8,"bbox":[278,220,24.844,24.094],"area":598.579,"segmentation":[],"iscrowd":0},{"id":206,"image_id":77,"category_id":8,"bbox":[242,178,26.563,30],"area":796.875,"segmentation":[],"iscrowd":0},{"id":207,"image_id":77,"category_id":8,"bbox":[120,122,30.375,30],"area":911.25,"segmentation":[],"iscrowd":0},{"id":208,"image_id":78,"category_id":7,"bbox":[269,204,21,43.531],"area":914.156,"segmentation":[],"iscrowd":0},{"id":209,"image_id":79,"category_id":5,"bbox":[432,568,68,72],"area":4896,"segmentation":[],"iscrowd":0},{"id":210,"image_id":80,"category_id":2,"bbox":[226,283,21,35.5],"area":745.5,"segmentation":[],"iscrowd":0},{"id":211,"image_id":80,"category_id":2,"bbox":[207,325,20.5,25],"area":512.5,"segmentation":[],"iscrowd":0},{"id":212,"image_id":81,"category_id":5,"bbox":[435,570,63,70],"area":4410,"segmentation":[],"iscrowd":0},{"id":213,"image_id":82,"category_id":7,"bbox":[379,426,25.5,25],"area":637.5,"segmentation":[],"iscrowd":0},{"id":214,"image_id":82,"category_id":6,"bbox":[370,322,14.5,18],"area":261,"segmentation":[],"iscrowd":0},{"id":215,"image_id":83,"category_id":2,"bbox":[220,335,20.5,21],"area":430.5,"segmentation":[],"iscrowd":0}]}